USE `medicines`

INSERT INTO `medicines` (id, name, is_recipe, route) VALUES(1, 'Анальгин', 0, 'Внутрь, по 250-500 мг 2-3 раза в сутки, максимальная разовая доза - 1 г, суточная - 3 г. Разовые дозы для детей 2-3 лет - 50-100 мг, 4-5 лет - 100-200 мг, 6-7 лет - 200 мг, 8-14 лет - 250-300 мг, кратность назначения - 2-3 раза в сутки. В/м или в/в (особенно при сильных болях): взрослым - по 250-500 мг 3 раза в сутки. Максимальная разовая доза - 1 г, суточная - 2 г. Детям назначают из расчета 5-10 мг/кг 2-3 раза в сутки. Детям до 1 года препарат вводят только в/м. Вводимый раствор для инъекций должен иметь температуру тела. Дозы более 1 г следует вводить в/в. Необходимо наличие условий для проведения противошоковой терапии. Наиболее частой причиной резкого снижения АД является слишком высокая скорость инъекции, в связи с чем в/в введение должно проводиться медленно (со скоростью не более 1 мл/мин), в положении больного "лежа", под контролем АД, ЧСС и числа дыханий. Ректальное применение - для взрослых - 300, 650 и 1000 мг. Доза для детей зависит от возраста ребенка и характера заболевания, при этом рекомендуется использовать детские свечи по 200 мг: от 6 мес до 1 года - 100 мг, от 1 года до 3 лет - 200 мг, от 3 до 7 лет - 200-400 мг, от 8 до 14 лет - 200-600 мг. После введения суппозитория ребенок должен находиться в постели.');

INSERT INTO `medicines` (id, name, is_recipe, route) VALUES(2, 'Аспирин', 0, 'Таблетки растворимые: внутрь, предварительно растворив в небольшом количестве воды, - по 400-800 мг 2-3 раза в сутки (не более 6 г). При остром ревматизме - 100 мг/кг/сут в 5-6 приемов. Таблетки, содержащие АСК в дозах свыше 325 мг (400-500 мг), рассчитаны на применение в качестве анальгезирующего и противовоспалительного ЛС; в дозах 50-75-100-300-325 мг - у взрослых, главным образом в качестве антиагрегантного ЛС. Внутрь, при лихорадочном и болевом синдроме взрослым - 0.5-1 г/сут (до 3 г), разделенных на 3 приема. Продолжительность лечения должна не превышать 2 нед. Шипучие таблетки растворяют в 100-200 мл воды и принимают внутрь, после еды, разовая доза - 0.25-1 г, принимают 3-4 раза в сутки. Длительность лечения - от однократного приема до многомесячного курса. Для улучшения реологических свойств крови - 0.15-0.25 г/сут в течение нескольких месяцев. При инфаркте миокарда, а также для вторичной профилактики у больных, перенесших инфаркт миокарда, - 40-325 мг 1 раз в сутки (чаще 160 мг). В качестве ингибитора агрегации тромбоцитов - 300-325 мг/сут длительно. При динамических нарушениях мозгового кровообращения у мужчин, церебральных тромбоэмболиях - 325 мг/сут с постепенным увеличением максимально до 1 г/сут, для профилактики рецидивов - 125-300 мг/сут. Для профилактики тромбоза или окклюзии аортального шунта - 325 мг каждые 7 ч через интраназально установленный желудочный зонд, затем перорально - 325 мг 3 раза в сутки (обычно в сочетании с дипиридамолом, который отменяют через неделю, продолжая длительное лечение АСК). При активном ревматизме назначали (в настоящее время не назначают) в суточной дозе 5-8 г для взрослых и 100-125 мг/кг - для подростков (15-18 лет); кратность применения - 4-5 раз в сутки. После 1-2 нед лечения детям уменьшают дозу до 60-70 мг/кг/сут, лечение взрослых продолжают в той же дозе; продолжительность лечения - до 6 нед. Отмену производят постепенно в течение 1-2 нед.');

INSERT INTO `medicines` (id, name, is_recipe, route) VALUES(3, 'Валидол', 0, 'Капли. Сублингвально, по 3-6 кап раствора на сахаре на прием, держать во рту до полного растворения. Суточная доза обычно включает 3-4 приема (до 9-24 кап/сут). При необходимости доза может быть увеличена. Таблетки. Сублингвально, по 1 таблетке 2-3 раза в день. Кратность и продолжительность приема определяется в зависимости от эффективности лечения. При отсутствии или недостаточной выраженности терапевтического эффекта в ближайшие 5-10 мин после приема необходимо назначение др. терапии.'); 

INSERT INTO `medicines` (id, name, is_recipe, route) VALUES(4, 'Пенталгин-Н', 1, 'Внутрь, взрослым, по 1 таблетке 2-3 раза в сутки после еды. Детям старше 7 лет - половину дозы для взрослых. Длительность приема - 2-3 дня (до 1 нед).');

INSERT INTO `medicines` (id, name, is_recipe, route) VALUES(5, 'Коделак', 1, 'Внутрь, по 1 таблетке 2-3 раза в день.
');

INSERT INTO `medicines` (id, name, is_recipe, route) VALUES(6, 'Юниспаз', 1, 'При головной боли препарат рекомендуется применять внутрь по 1-2 таблеткам за один прием, при необходимости можно повторить прием через 8 ч. При коротком (не более 3 дней) курсе лечения максимальная суточная доза составляет 6 таблеток, при длительном курсе она не должна превышать 4 таблеток в день. Для достижения быстрого эффекта следует натощак. Дети: в возрасте 6-12 лет рекомендуется применять однократную дозу 0.5-1 таблетку, которая может быть назначена повторно через 10-12 ч, максимальная доза 2 таблетки в сутки. Пожилые больные: рекомендуется обычная доза для взрослых, если нет нарушения функции почек и печени. При тяжелом нарушении функции печени и почек доза должна быть снижена. При скорости клубочковой фильтрации менее 10 мл/мин время, проходящее между приемом 2 доз, должно быть более 12 ч. Допускается лишь эпизодическое применение препарата. Максимальная продолжительность лечения без консультации врача - 3 дня.');

INSERT INTO `medicines` (id, name, is_recipe, route) VALUES(7, 'Пентабуфен', 1, 'Внутрь, взрослым и детям старше 12 лет - по 1 таблетке 1-3 раза в день, запивая водой. Максимальная суточная доза - 4 таблетки. Не принимать более 5 дней в качестве обезболивающего ЛС и более 3-х дней в качестве жаропонижающего без консультации врача. Если при приеме препарата в течение 2-3 дней симптомы заболевания сохраняются, лечение следует прекратить и обратиться к врачу.');




INSERT INTO `makers` (id, name, created_at, country) VALUES(1, 'Novartis Pharma AG', '1996-02-01', 'Швеция');

INSERT INTO `makers` (id, name, created_at, country) VALUES(2, 'ЗАО «Компания «Интермедсервис»', '2000-05-04', 'Россия');

INSERT INTO `makers` (id, name, created_at, country) VALUES(3, 'Janssen-Cilag', '1953-09-10', 'Япония');



INSERT INTO `pharmacies` (id, name, address, working_time) VALUES (1, 'Атц-фарм', 'пер. Тверской-Ямской 1-й, 16, Москва, 125047', '[[8.0,20.0],[8.0,20.0],[8.0,20.0],[8.0,20.0],[8.0,20.0],null,null]');
INSERT INTO `pharmacies` (id, name, address, working_time) VALUES (2, 'Медицина Для Вас', 'просп. Вернадского, 32, корп. 71, город Москва, 119454', '[[8.0,20.0],[8.0,20.0],[8.0,20.0],[8.0,20.0],[8.0,20.0],null,null]');
INSERT INTO `pharmacies` (id, name, address, working_time) VALUES (3, 'Аптека 36\'6', 'ул. Валовая, Москва, 115054', '[[8.0,20.0],[8.0,20.0],[8.0,20.0],[8.0,20.0],[8.0,20.0],null,null]');



INSERT INTO `medicines_makers` (medicine_id, maker_id) VALUES(1, 1);
INSERT INTO `medicines_makers` (medicine_id, maker_id) VALUES(2, 1);
INSERT INTO `medicines_makers` (medicine_id, maker_id) VALUES(4, 1);
INSERT INTO `medicines_makers` (medicine_id, maker_id) VALUES(5, 1);
INSERT INTO `medicines_makers` (medicine_id, maker_id) VALUES(2, 2);
INSERT INTO `medicines_makers` (medicine_id, maker_id) VALUES(3, 2);
INSERT INTO `medicines_makers` (medicine_id, maker_id) VALUES(5, 2);
INSERT INTO `medicines_makers` (medicine_id, maker_id) VALUES(6, 2);
INSERT INTO `medicines_makers` (medicine_id, maker_id) VALUES(7, 2);
INSERT INTO `medicines_makers` (medicine_id, maker_id) VALUES(1, 3);
INSERT INTO `medicines_makers` (medicine_id, maker_id) VALUES(3, 3);
INSERT INTO `medicines_makers` (medicine_id, maker_id) VALUES(6, 3);



INSERT INTO `medicines_makers_pharmacies` (medicine_id, maker_id, pharmacy_id, cost) VALUES(1, 1, 1, 30);
INSERT INTO `medicines_makers_pharmacies` (medicine_id, maker_id, pharmacy_id, cost) VALUES(1, 1, 2, 40);
INSERT INTO `medicines_makers_pharmacies` (medicine_id, maker_id, pharmacy_id, cost) VALUES(1, 1, 3, 35);
INSERT INTO `medicines_makers_pharmacies` (medicine_id, maker_id, pharmacy_id, cost) VALUES(2, 1, 1, 60);
INSERT INTO `medicines_makers_pharmacies` (medicine_id, maker_id, pharmacy_id, cost) VALUES(4, 1, 1, 120);
INSERT INTO `medicines_makers_pharmacies` (medicine_id, maker_id, pharmacy_id, cost) VALUES(4, 1, 3, 115);
INSERT INTO `medicines_makers_pharmacies` (medicine_id, maker_id, pharmacy_id, cost) VALUES(5, 1, 2, 170);
INSERT INTO `medicines_makers_pharmacies` (medicine_id, maker_id, pharmacy_id, cost) VALUES(2, 2, 2, 70);
INSERT INTO `medicines_makers_pharmacies` (medicine_id, maker_id, pharmacy_id, cost) VALUES(2, 2, 3, 65);
INSERT INTO `medicines_makers_pharmacies` (medicine_id, maker_id, pharmacy_id, cost) VALUES(3, 2, 1, 20);
INSERT INTO `medicines_makers_pharmacies` (medicine_id, maker_id, pharmacy_id, cost) VALUES(5, 2, 1, 175);
INSERT INTO `medicines_makers_pharmacies` (medicine_id, maker_id, pharmacy_id, cost) VALUES(5, 2, 3, 180);
INSERT INTO `medicines_makers_pharmacies` (medicine_id, maker_id, pharmacy_id, cost) VALUES(6, 2, 2, 150);
INSERT INTO `medicines_makers_pharmacies` (medicine_id, maker_id, pharmacy_id, cost) VALUES(7, 2, 2, 150);
INSERT INTO `medicines_makers_pharmacies` (medicine_id, maker_id, pharmacy_id, cost) VALUES(7, 2, 3, 155);
INSERT INTO `medicines_makers_pharmacies` (medicine_id, maker_id, pharmacy_id, cost) VALUES(1, 3, 1, 35);
INSERT INTO `medicines_makers_pharmacies` (medicine_id, maker_id, pharmacy_id, cost) VALUES(1, 3, 2, 40);
INSERT INTO `medicines_makers_pharmacies` (medicine_id, maker_id, pharmacy_id, cost) VALUES(3, 3, 3, 25);
INSERT INTO `medicines_makers_pharmacies` (medicine_id, maker_id, pharmacy_id, cost) VALUES(6, 3, 1, 160);
INSERT INTO `medicines_makers_pharmacies` (medicine_id, maker_id, pharmacy_id, cost) VALUES(6, 3, 2, 155);
INSERT INTO `medicines_makers_pharmacies` (medicine_id, maker_id, pharmacy_id, cost) VALUES(6, 3, 3, 158);
